statistic,value
chi2,0.6242817423540316
dof,2.0
p_value,0.7318784203915089
min_expected,26.0
cramers_v,0.055869568745159984
